epoch,train_loss,train_ppl,val_loss,val_ppl,val_bleu,val_chrf,lr,epoch_seconds,peak_memory_mb
1,3.843388822424001,46.683408464896566,2.5759114402485643,13.143291025368114,19.231375871959603,43.23627909885327,0.002933270340399576,186.7420678138733,83.54638671875
